id,date,one,two,three,four,five,six,seven,eight,nine,ten,eleven,twelve,thirteen,fourteen,fifteen,sixteen,seventeen,eighteen,nineteen,twenty,twentyone,twentytwo,twentythree,twentyfour
547,2022/1/1,0,0,0,0,0,0,117,358,1244,1374,963,1268,1200,1419,2541,2707,2132,1726,1544,1827,1639,1276,952,0
548,2022/1/2,0,0,0,0,0,0,313,767,1132,1276,1933,2134,3038,2854,3608,3237,2700,4024,2929,2901,1855,697,537,0
549,2022/1/3,0,0,0,0,0,0,449,308,997,1604,1177,2106,2732,2709,2849,2653,1664,1655,1525,1014,1100,1199,2124,0
550,2022/1/4,0,0,0,0,0,0,703,888,1046,1104,2111,4027,3262,2331,2071,1842,2908,2475,1734,2236,1584,2004,2337,0
551,2022/1/5,0,0,0,0,0,0,1033,826,1503,1355,1509,1572,2642,2384,2281,3623,4305,1929,1746,1711,1373,1632,1122,0
552,2022/1/6,0,0,0,0,0,0,402,647,842,1080,1002,1624,1764,1883,2358,4030,3678,2738,3270,3157,3418,3072,2443,0
553,2022/1/7,0,0,0,0,0,0,615,1061,1268,2643,2818,2981,2895,2300,3874,4311,5926,2697,3959,2893,2098,2522,474,0
554,2022/1/8,0,0,0,0,0,0,303,850,2903,1933,3119,3298,2200,3008,2228,4036,2879,2420,1956,2299,1425,2969,1844,0
555,2022/1/9,0,0,0,0,0,0,943,1367,1056,1792,2335,3505,4164,4107,2933,2678,2431,2608,1672,1951,1267,1427,2212,0
556,2022/1/10,0,0,0,0,0,0,617,636,3066,1932,1625,1614,1824,2461,2970,3094,1804,2398,2063,2939,2520,729,1145,0
557,2022/1/11,0,0,0,0,0,0,805,2127,1255,1180,3182,1251,2884,2150,3118,2928,2055,2480,2576,2994,1366,857,1010,0
558,2022/1/12,0,0,0,0,0,0,631,1108,1282,1762,1462,1256,2493,2465,1730,1751,3384,2350,569,622,848,1484,1676,0
559,2022/1/13,0,0,0,0,0,0,714,1404,2534,2898,1743,1048,2508,2989,3204,2037,2146,3178,1894,1382,2772,2063,1414,0
560,2022/1/14,0,0,0,0,0,0,524,1568,1705,1591,1217,2567,2919,2236,3333,2333,2554,2616,3236,2449,1687,771,1412,0
561,2022/1/15,0,0,0,0,0,0,354,479,1351,1860,2404,3859,2569,3793,2853,2048,1548,2371,3260,1673,1699,928,1349,0
562,2022/1/16,0,0,0,0,0,0,930,1330,1437,1459,1970,1401,3242,5813,5218,3799,2988,3700,2411,3125,3029,3367,2808,0
563,2022/1/17,0,0,0,0,0,0,1205,793,1469,1345,1976,1811,2074,2513,3218,3463,4339,2912,2584,2415,2934,1079,1560,0
564,2022/1/18,0,0,0,0,0,0,619,1812,2100,2178,924,2847,3359,3733,3716,3568,3905,2587,2989,1267,796,763,4402,0
565,2022/1/19,0,0,0,0,0,0,441,994,2691,2199,1613,2274,2464,1918,2684,2694,2853,2449,2046,1889,1437,2242,1882,0
566,2022/1/20,0,0,0,0,0,0,418,860,1381,1174,1332,3199,2893,2532,3143,3920,4096,2866,769,686,936,1031,534,0
567,2022/1/21,0,0,0,0,0,0,912,1325,2434,2513,2939,4041,3800,4702,3988,2952,4592,3131,3329,3109,2230,944,3644,0
568,2022/1/22,0,0,0,0,0,0,1306,1148,2394,3053,2659,3038,2604,2873,3014,3137,4104,3013,2288,2904,2475,3079,1750,0
569,2022/1/23,0,0,0,0,0,0,830,2855,1985,3744,2539,2459,5336,4819,5715,3222,4045,5156,3735,3057,2645,2245,1799,0
570,2022/1/24,0,0,0,0,0,0,734,1188,2247,3635,3089,2238,2230,2996,4523,5084,7437,3952,3114,1363,3440,2200,2455,0
571,2022/1/25,0,0,0,0,0,0,708,2246,1673,1354,1202,1592,2083,2580,2187,2894,3524,4462,4411,2844,2644,1509,2431,0
572,2022/1/26,0,0,0,0,0,0,2299,4258,2211,1990,2225,2821,2236,3938,2679,3179,4311,5351,6248,2127,1931,2419,1529,0
573,2022/1/27,0,0,0,0,0,0,1633,1240,1488,2473,1843,3527,3297,2694,2414,2877,2939,2719,1744,1421,1930,1751,1305,0
574,2022/1/28,0,0,0,0,0,0,391,1245,1546,2560,2842,1489,1514,1962,2187,1895,2217,2434,2799,1929,2279,1692,1219,0
575,2022/1/29,0,0,0,0,0,0,149,664,865,1502,2145,2436,3803,2788,2318,2537,2949,2583,2612,2703,2577,2350,1990,0
576,2022/1/30,0,0,0,0,0,0,87,195,575,889,1434,1720,1884,2475,2340,1871,1561,1544,2230,2195,2275,2282,2130,0
577,2022/1/31,0,0,0,0,0,0,1084,2789,2131,2207,2178,2876,3224,2923,3125,2193,3122,2758,1400,649,989,1661,1663,0
578,2022/2/1,0,0,0,0,0,0,318,805,1220,1325,939,1384,1741,1197,1684,2217,1410,1686,1238,1391,1739,2012,3040,0
579,2022/2/2,0,0,0,0,0,0,740,1034,1089,1097,869,1013,961,1321,1156,2348,2781,2516,2283,1251,2619,2210,1610,0
580,2022/2/3,0,0,0,0,0,0,967,3226,1980,3386,2304,1928,2622,3020,2683,2111,3142,2853,2187,1996,3412,2562,1884,0
581,2022/2/4,0,0,0,0,0,0,1164,1380,1897,1733,2398,2199,2304,3055,2499,3087,3407,3920,2591,2798,1896,4190,6754,0
582,2022/2/5,0,0,0,0,0,0,368,1413,1310,2047,1489,3035,2857,3937,5250,4246,3752,3804,3852,3246,2808,2844,3211,0
583,2022/2/6,0,0,0,0,0,0,498,1129,850,1215,1801,3942,4954,3331,2678,2712,3838,2406,2173,2468,2480,1553,2617,0
584,2022/2/7,0,0,0,0,0,0,520,1446,1329,1341,1837,3849,3485,2512,3503,2716,1845,2363,1461,1920,1622,1557,2483,0
585,2022/2/8,0,0,0,0,0,0,437,1163,1764,1510,1206,1582,2108,1627,1291,3523,2996,2834,2087,1021,1385,2100,2606,0
586,2022/2/9,0,0,0,0,0,0,532,1631,2843,1089,1466,1634,1902,1376,1511,3299,2275,2550,2318,3839,1459,1219,1473,0
587,2022/2/10,0,0,0,0,0,0,891,1221,992,1525,2831,894,1568,1541,2203,2454,2560,3196,1710,1257,1203,1467,1539,0
588,2022/2/11,0,0,0,0,0,0,831,828,699,2204,1823,1656,1758,1440,1684,2493,2019,2812,3147,2734,3614,2133,2683,0
589,2022/2/12,0,0,0,0,0,0,580,470,894,1698,1211,1127,2206,1753,3199,2028,1859,1715,1730,1534,1446,1906,2634,0
590,2022/2/13,0,0,0,0,0,0,385,577,510,799,1177,2035,1730,2121,2331,2110,2361,2907,1918,2182,2811,2250,1671,0
591,2022/2/14,0,0,0,0,0,0,440,719,774,1156,1914,1149,1434,1402,1287,3256,2843,2681,1841,1706,1221,1269,878,0
592,2022/2/15,0,0,0,0,0,0,235,762,585,816,924,890,1616,1557,1116,1976,2602,2631,2255,1521,1156,1457,3048,0
593,2022/2/16,0,0,0,0,0,0,311,1001,789,1207,726,826,1559,1146,1255,2134,2959,2239,1730,1684,1257,1488,1676,0
594,2022/2/17,0,0,0,0,0,0,576,1011,964,1570,1070,1128,1710,1685,1566,2288,2998,2393,1089,897,1548,1004,981,0
595,2022/2/18,0,0,0,0,0,0,436,841,1165,1614,2930,1429,2332,3803,3378,2816,5448,4204,2151,2412,2802,2451,1462,0
596,2022/2/19,0,0,0,0,0,0,197,740,1303,2338,2321,2724,3218,3259,2893,3674,2902,2305,2498,4109,2228,2347,2739,0
597,2022/2/20,0,0,0,0,0,0,133,444,544,1428,1625,1286,2128,2367,2558,2065,2434,1012,1076,1120,1766,1772,2257,0
598,2022/2/21,0,0,0,0,0,0,310,887,906,838,1085,1619,2159,2338,1854,1881,3163,2991,2740,1998,2078,2257,2171,0
599,2022/2/22,0,0,0,0,0,0,368,714,719,1169,1430,1790,2282,1767,2183,2797,2329,2156,1415,1350,875,999,346,0
600,2022/2/23,0,0,0,0,0,0,425,799,849,658,1599,1214,1573,1226,1187,1967,2164,2125,1930,1075,791,560,1131,0
601,2022/2/24,0,0,0,0,0,0,419,837,1108,1749,778,1203,900,1066,1425,1837,1926,2039,1817,1561,1062,663,861,0
602,2022/2/25,0,0,0,0,0,0,751,682,1022,1272,1595,1761,1627,2466,1937,1971,2253,2838,2744,2361,1662,800,511,0
603,2022/2/26,0,0,0,0,0,0,376,474,924,1460,2179,2221,2487,2449,1955,2382,2403,2301,1852,1987,1476,846,981,0
604,2022/2/27,0,0,0,0,0,0,44,414,370,953,1615,1712,1610,2252,2576,1869,1587,2135,1745,1372,1858,1141,591,0
605,2022/2/28,0,0,0,0,0,0,509,658,872,991,1073,1557,2165,1565,1550,2838,2428,2415,1914,1456,1126,1524,2193,0
606,2022/3/1,0,0,0,0,0,0,569,924,1439,1648,1358,1221,1608,1162,1140,1422,2179,2265,2058,545,1583,1234,2110,0
607,2022/3/2,0,0,0,0,0,0,547,725,733,925,856,1054,1472,1149,1010,1543,1775,2036,2113,1319,1295,902,844,0
608,2022/3/3,0,0,0,0,0,0,419,851,667,934,1503,1685,1688,1686,1420,1738,2598,2292,2584,1594,1721,1205,1010,0
609,2022/3/4,0,0,0,0,0,0,444,752,842,1255,1270,1407,1578,1493,2145,2417,2231,2216,2066,2887,1957,1547,1673,0
610,2022/3/5,0,0,0,0,0,0,568,508,880,1649,2262,2315,2360,2335,2706,3166,3795,3636,4093,3397,2248,1286,1394,0
611,2022/3/6,0,0,0,0,0,0,1157,1534,1190,742,765,1112,1897,1929,2294,2132,2364,2061,2022,1549,1844,2906,1615,0
612,2022/3/7,0,0,0,0,0,0,824,1209,1977,1494,2078,1844,1402,1299,1882,3585,3288,2006,1878,2085,1899,2243,755,0
613,2022/3/8,0,0,0,0,0,0,778,1125,2459,1330,1790,1905,1951,1941,3073,2866,2160,1472,1576,1137,1666,1419,1272,0
614,2022/3/9,0,0,0,0,0,0,1136,1533,647,1850,1332,1428,1887,1090,1598,1736,1747,2126,1683,1663,1191,576,581,0
615,2022/3/10,0,0,0,0,0,0,1098,1171,1056,1301,1599,1846,1667,1374,1585,1553,1937,1953,1575,824,2050,1286,1107,0
616,2022/3/11,0,0,0,0,0,0,1184,936,801,1306,1295,1590,1974,2595,1806,2160,1795,1994,1987,1493,1813,2018,779,0
617,2022/3/12,0,0,0,0,0,0,463,323,718,1632,1879,1516,1823,2227,1455,1773,1320,2254,2475,1202,1527,1139,989,0
618,2022/3/13,0,0,0,0,0,0,83,130,316,567,937,1643,2189,2816,2408,2640,2476,3448,1436,1154,1471,1748,2127,0
619,2022/3/14,0,0,0,0,0,0,528,659,791,2333,2880,2005,2073,1728,1626,1780,1796,1857,2067,2002,1452,707,902,0
620,2022/3/15,0,0,0,0,0,0,1424,1528,1055,1332,1583,2069,2875,3079,2152,1570,1992,1456,1506,988,1457,524,595,0
621,2022/3/16,0,0,0,0,0,0,776,1752,992,2000,1511,1418,1521,2012,2143,1783,2662,1685,2049,2404,1627,1473,1947,0
622,2022/3/17,0,0,0,0,0,0,427,428,399,1135,1740,1377,1422,2825,2524,2521,3225,2660,2148,1757,1629,1610,1200,0
623,2022/3/18,0,0,0,0,0,0,326,597,1024,2127,1787,2962,3294,2933,2901,2861,2432,2321,2432,1425,2943,1906,1426,0
624,2022/3/19,0,0,0,0,0,0,259,513,490,2225,2259,1710,2396,2796,2561,3940,2631,2472,2109,1994,2132,2272,1914,0
625,2022/3/20,0,0,0,0,0,0,680,883,911,748,1372,1877,2512,2489,2521,2218,3272,3087,1919,1606,2820,1521,1486,0
626,2022/3/21,0,0,0,0,0,0,601,1277,825,2006,1195,2313,2363,1838,1959,1592,2058,3073,1662,2129,1619,1389,1039,0
627,2022/3/22,0,0,0,0,0,0,528,933,1007,1187,997,1651,2301,1850,2738,2246,1849,1966,1855,1376,1417,1018,341,0
628,2022/3/23,0,0,0,0,0,0,361,1027,1131,924,1041,1078,1484,972,1185,2354,1451,1070,1310,1141,903,592,403,0
629,2022/3/24,0,0,0,0,0,0,733,1314,1702,1532,1503,2155,2166,2569,3113,2654,3692,3038,3251,2351,2458,1919,1141,0
630,2022/3/25,0,0,0,0,0,0,494,1469,1489,2096,2025,2404,2434,2909,2345,2515,2461,1587,2265,1756,1970,1459,1373,0
631,2022/3/26,0,0,0,0,0,0,185,204,566,1098,1029,2540,3460,3048,3096,4664,5453,3679,4013,1482,1401,1208,1099,0
632,2022/3/27,0,0,0,0,0,0,132,530,220,483,1296,1462,2195,2734,3190,2849,2172,1467,1291,1093,1266,1265,1073,0
633,2022/3/28,0,0,0,0,0,0,308,643,1602,1477,1990,2309,2759,2140,2228,1852,1842,2387,2923,2523,1683,2430,1942,0
634,2022/3/29,0,0,0,0,0,0,383,774,561,2684,1351,1772,2304,2790,2015,2165,2305,2767,1881,1290,1305,693,721,0
635,2022/3/30,0,0,0,0,0,0,644,899,902,1214,1898,1735,2371,2435,1796,2544,2308,1975,2139,990,1348,888,711,0
636,2022/3/31,0,0,0,0,0,0,481,848,1219,1407,2011,1909,2215,3058,1937,1935,2286,2491,1908,1659,1388,1534,1217,0
637,2022/4/1,0,0,0,0,0,0,551,809,1481,2130,2156,2200,2240,1770,2601,2222,1665,1409,1533,1675,1993,1597,1700,0
638,2022/4/2,0,0,0,0,0,0,488,576,1040,1569,2212,1705,2626,2136,2416,1891,2067,2088,2843,2262,2037,1134,948,0
639,2022/4/3,0,0,0,0,0,0,564,300,602,970,1189,758,1231,1607,2144,2064,2183,1797,1298,1345,1074,968,546,0
640,2022/4/4,0,0,0,0,0,0,793,982,1288,2431,1974,2483,2867,2820,2133,1988,2221,1861,1988,1745,1102,523,492,0
641,2022/4/5,0,0,0,0,0,0,275,737,764,1086,1426,1949,2226,1831,2007,1437,1528,1383,2823,1420,1270,592,292,0
642,2022/4/6,0,0,0,0,0,0,525,768,850,1324,1409,2461,2757,1985,1364,2509,2465,1807,1247,2176,1999,1967,936,0
643,2022/4/7,0,0,0,0,0,0,544,876,964,1821,1274,1778,3202,2970,1887,2488,2482,3217,3200,2381,3126,2874,2257,0
644,2022/4/8,0,0,0,0,0,0,481,1169,1770,2617,1895,3271,2554,3201,2834,3335,4328,4025,2849,3013,3272,2312,1623,0
645,2022/4/9,0,0,0,0,0,0,574,896,1094,1742,1792,2334,3194,3026,3121,3553,2672,2644,2881,2996,2368,1873,1721,0
646,2022/4/10,0,0,0,0,0,0,450,317,840,662,1028,2194,2249,2530,3160,3121,2801,2395,2690,1303,1568,1392,1310,0
647,2022/4/11,0,0,0,0,0,0,413,1063,864,1792,1962,1891,3156,2870,2135,2771,4394,2549,2585,2110,1241,940,963,0
648,2022/4/12,0,0,0,0,0,0,541,627,546,757,720,1150,1782,1770,1546,1095,2142,1763,1126,822,1674,1067,1052,0
649,2022/4/13,0,0,0,0,0,0,379,775,1905,1230,1434,2005,1988,2632,1806,3110,2045,1804,1906,1932,2009,1002,722,0
650,2022/4/14,0,0,0,0,0,0,327,611,848,1267,1539,1847,2067,1804,2258,2658,2375,2776,2224,1932,1590,1254,1130,0
651,2022/4/15,0,0,0,0,0,0,182,265,1076,1575,1346,1398,2125,2073,2183,2364,1911,2854,2271,2158,1344,1278,748,0
652,2022/4/16,0,0,0,0,0,0,244,301,961,2260,2541,2741,1879,2610,3015,3587,3198,3051,3732,6375,3746,1808,1672,0
653,2022/4/17,0,0,0,0,0,0,154,435,421,1267,1238,1323,1665,1388,2021,2460,3318,2075,1076,1269,1391,722,757,0
654,2022/4/18,0,0,0,0,0,0,173,378,619,609,527,1764,1957,1657,1888,2137,2394,2931,1985,1420,1294,942,2338,0
655,2022/4/19,0,0,0,0,0,0,209,848,959,1784,1160,1308,1443,2203,1235,1965,2226,1880,1249,930,962,1476,1055,0
656,2022/4/20,0,0,0,0,0,0,408,1439,1642,1256,1697,1903,2961,1885,1648,2165,1642,1808,1786,2246,2414,1311,1581,0
657,2022/4/21,0,0,0,0,0,0,1479,1949,1656,2135,2868,3210,2884,3284,4522,4594,3584,3076,2673,2515,1204,738,1843,0
658,2022/4/22,0,0,0,0,0,0,693,1439,2190,2375,2166,3181,2039,2456,3372,3146,3789,3431,2793,2235,2046,1237,562,0
659,2022/4/23,0,0,0,0,0,0,333,140,1860,1337,2332,3208,3272,3058,3181,2681,2446,2446,2257,2389,2051,1399,2043,0
660,2022/4/24,0,0,0,0,0,0,98,300,338,1242,1294,1533,1780,2488,3969,4014,2506,2263,1971,1277,845,1116,2786,0
661,2022/4/25,0,0,0,0,0,0,430,798,1357,1711,1817,2092,3276,2915,2907,3678,2541,2058,1850,2296,1785,884,848,0
662,2022/4/26,0,0,0,0,0,0,495,782,670,1309,1965,2239,2415,1603,1670,1677,1928,1969,1934,2248,1695,1277,1623,0
663,2022/4/27,0,0,0,0,0,0,374,1337,1139,1526,1992,2066,3050,2347,1954,1783,2215,2104,1941,2086,1085,846,1455,0
664,2022/4/28,0,0,0,0,0,0,401,984,680,1702,2316,2566,2356,3527,2875,2881,3050,2702,2545,1898,1679,1322,1502,0
665,2022/4/29,0,0,0,0,0,0,858,1624,1501,2607,1683,1570,1776,1422,2130,1824,2374,1978,1683,1446,1024,1012,912,0
666,2022/4/30,0,0,0,0,0,0,226,462,935,2939,2361,1827,3359,2930,3151,3555,2097,2343,2686,1527,1421,545,568,0
667,2022/5/1,0,0,0,0,0,0,134,204,464,684,950,2620,2587,1393,1462,1622,2149,1969,1291,1049,803,775,1035,0
668,2022/5/2,0,0,0,0,0,0,332,1008,1879,1396,1519,2284,2732,2689,2788,2743,2711,2664,1177,1315,507,265,333,0
669,2022/5/3,0,0,0,0,0,0,366,915,669,2066,2164,2071,2436,3700,3932,4322,4780,3846,3135,2489,3451,1432,1654,0
670,2022/5/4,0,0,0,0,0,0,604,685,912,1775,1525,3020,3479,4382,4699,3855,4187,3712,4067,3024,2840,1877,1453,0
671,2022/5/5,0,0,0,0,0,0,534,722,740,990,1119,2150,1958,1228,1033,1421,990,1997,901,1958,3511,2436,1477,0
672,2022/5/6,0,0,0,0,0,0,474,1240,1154,1959,2740,1606,2331,1946,2199,2218,2308,2943,2550,1947,2557,1517,1742,0
673,2022/5/7,0,0,0,0,0,0,344,680,1095,1700,2622,3073,3457,2859,2723,2836,2718,3340,3010,2916,3389,1195,1801,0
674,2022/5/8,0,0,0,0,0,0,490,540,635,677,1754,1965,1998,2671,2601,1935,2176,2722,1001,1840,1389,1316,751,0
675,2022/5/9,0,0,0,0,0,0,845,1022,804,2087,2210,2684,2520,2835,2515,2849,2869,1917,1510,1366,1064,601,1688,0
676,2022/5/10,0,0,0,0,0,0,796,847,1142,1137,1307,2083,2329,2270,1887,2013,3354,3614,2487,2022,2115,1158,1495,0
677,2022/5/11,0,0,0,0,0,0,942,853,2316,2092,2166,3686,3374,4104,4244,4394,3167,2375,2266,1884,1489,690,1181,0
678,2022/5/12,0,0,0,0,0,0,970,956,2406,1522,1347,2015,2606,3876,2328,3095,2884,3134,2938,2302,1176,626,1162,0
679,2022/5/13,0,0,0,0,0,0,270,509,1125,1125,1345,2252,2707,2614,2428,2178,2073,2704,2467,2186,1788,1160,883,0
680,2022/5/14,0,0,0,0,0,0,264,556,882,1709,2545,2415,2076,2499,2688,3767,3984,3746,3102,2381,2552,1506,830,0
681,2022/5/15,0,0,0,0,0,0,487,406,804,802,1181,2028,1999,2875,3324,2577,2107,1612,1095,688,940,1138,1946,0
682,2022/5/16,0,0,0,0,0,0,348,1031,750,1298,1561,2283,2092,2107,1700,1544,2397,3047,3805,2525,1833,1150,1556,0
683,2022/5/17,0,0,0,0,0,0,445,869,860,1160,1473,1392,1597,2185,2238,3385,2485,1035,1838,1520,2601,911,1034,0
684,2022/5/18,0,0,0,0,0,0,509,472,485,677,1211,1554,1743,1563,1601,3106,2411,2692,3401,1536,1448,1780,1303,0
685,2022/5/19,0,0,0,0,0,0,234,758,610,741,860,1637,1676,1370,1980,2426,2904,3121,2839,2564,1429,894,934,0
686,2022/5/20,0,0,0,0,0,0,1091,1233,1678,2709,2455,2261,2491,2986,2145,2765,2473,1597,2718,3250,2579,1989,1495,0
687,2022/5/21,0,0,0,0,0,0,190,417,1146,2049,1442,2284,3988,2926,2550,2540,2213,2582,2800,3551,2619,1830,2494,0
688,2022/5/22,0,0,0,0,0,0,110,810,1184,1858,1390,1863,2768,4369,2935,3809,3654,2309,1558,2785,1419,1741,1486,0
689,2022/5/23,0,0,0,0,0,0,304,665,484,1222,1839,4166,3404,3733,4837,3195,4238,3035,4224,3547,2347,3643,2019,0
690,2022/5/24,0,0,0,0,0,0,458,1733,1236,1515,1456,1827,3227,2641,2424,2223,2293,3053,2976,3242,1725,2013,1231,0
691,2022/5/25,0,0,0,0,0,0,321,917,1213,2323,3542,4053,3557,2421,2991,3800,3582,4311,3197,2318,2263,2567,1511,0
692,2022/5/26,0,0,0,0,0,0,320,584,706,2440,2150,3283,4297,2862,3058,2899,3035,3552,2613,2288,1461,1338,2296,0
693,2022/5/27,0,0,0,0,0,0,471,629,933,1527,2108,2524,3088,3924,4357,4697,4480,4148,4294,3662,2778,2507,1917,0
694,2022/5/28,0,0,0,0,0,0,81,637,1019,688,857,1041,1732,1756,1430,2160,3147,3137,2401,2465,2247,928,1556,0
695,2022/5/29,0,0,0,0,0,0,542,546,936,1165,2424,2629,4090,4781,2409,2180,2503,2863,1840,2148,1586,1616,1724,0
696,2022/5/30,0,0,0,0,0,0,586,1289,392,880,1570,2570,4513,3035,2549,1745,2077,1928,1681,1014,931,1289,1291,0
697,2022/5/31,0,0,0,0,0,0,376,560,693,1321,1720,2649,3193,2995,2514,1794,1691,2560,2413,1656,818,1092,980,0
698,2022/6/1,0,0,0,0,0,0,304,715,1396,1119,1018,2325,2350,1603,1561,2703,3468,2200,2174,1808,1418,1357,2256,0
699,2022/6/2,0,0,0,0,0,0,348,623,806,999,1281,2097,2659,2393,2364,3262,3374,2190,2898,997,790,815,572,0
700,2022/6/3,0,0,0,0,0,0,755,561,445,1807,2702,2695,2108,1855,2580,2329,2929,3056,3272,2296,2122,1223,859,0
701,2022/6/4,0,0,0,0,0,0,776,397,848,1759,2745,4869,4638,3742,4860,4068,3112,3070,3516,3020,2659,2646,1304,0
702,2022/6/5,0,0,0,0,0,0,66,168,280,904,953,3305,3497,2497,4009,2965,3258,3282,2418,3304,2505,1897,1874,0
703,2022/6/6,0,0,0,0,0,0,197,195,731,957,1155,2069,3769,3480,3424,2942,3578,2116,1636,1504,1220,2373,1078,0
704,2022/6/7,0,0,0,0,0,0,224,506,787,1042,2087,2627,2878,2397,2463,2476,1848,2096,2364,1554,1674,1779,1412,0
705,2022/6/8,0,0,0,0,0,0,279,398,312,1515,1086,2311,2852,2223,2285,2294,2620,2016,1651,760,519,301,375,0
706,2022/6/9,0,0,0,0,0,0,117,298,434,739,1138,1529,2352,2246,1815,2266,3115,2102,2570,1887,1122,1395,989,0
707,2022/6/10,0,0,0,0,0,0,265,505,864,2197,1421,2714,3311,1403,2324,2125,2867,2216,2798,2306,1499,929,1207,0
708,2022/6/11,0,0,0,0,0,0,149,242,1103,1781,3102,2970,2736,3372,2228,2183,2697,3335,3255,3383,2264,1805,1691,0
709,2022/6/12,0,0,0,0,0,0,326,455,397,851,1540,2707,4063,3878,4635,4059,3808,3305,2580,3057,2466,1995,938,0
710,2022/6/13,0,0,0,0,0,0,558,1261,863,1279,1877,2556,2192,2147,1707,1708,2678,2559,1766,1557,1849,967,1038,0
711,2022/6/14,0,0,0,0,0,0,604,807,1130,1150,967,2044,2642,2759,3202,2121,3300,2781,2115,1991,1692,1796,1671,0
712,2022/6/15,0,0,0,0,0,0,179,538,848,1035,1953,3018,3807,3566,3105,3334,4063,4008,2813,2133,1994,1558,1057,0
713,2022/6/16,0,0,0,0,0,0,834,1325,941,1683,2167,2515,3242,2835,2836,2543,2631,2720,2077,1579,1586,1092,804,0
714,2022/6/17,0,0,0,0,0,0,325,838,1229,2697,3353,3510,3966,5050,4542,4580,4500,3173,3447,1824,1627,1551,1325,0
715,2022/6/18,0,0,0,0,0,0,350,361,1764,2165,2548,3920,3761,4325,3587,2752,3247,3458,3156,2666,2256,1857,2003,0
716,2022/6/19,0,0,0,0,0,0,205,1993,1991,2730,2038,4242,3039,3821,3268,2985,3847,5117,3787,2524,2860,1733,978,0
717,2022/6/20,0,0,0,0,0,0,531,833,1579,3858,3713,2455,2664,2460,2361,2342,2758,2373,3348,2807,3087,1560,1011,0
718,2022/6/21,0,0,0,0,0,0,1941,1442,898,1494,2134,3196,3707,3068,3459,2945,2418,2633,1675,1175,1160,1107,1151,0
719,2022/6/22,0,0,0,0,0,0,452,734,452,849,2082,3005,2944,2833,4257,2737,3189,2338,2805,2187,2347,819,1883,0
720,2022/6/23,0,0,0,0,0,0,488,707,777,1430,2056,3505,3226,3063,2979,2042,2121,3363,2374,2075,4037,1709,944,0
721,2022/6/24,0,0,0,0,0,0,364,635,668,1652,3495,2860,3687,3045,2672,3059,3268,3601,3322,2993,3216,1479,1291,0
722,2022/6/25,0,0,0,0,0,0,70,400,955,1189,2117,3270,3182,3545,2888,2830,3639,3237,3832,2147,2960,1867,1116,0
723,2022/6/26,0,0,0,0,0,0,226,625,773,1513,2318,3220,3857,5558,2680,1609,1964,2928,1721,2596,1787,1571,1090,0
724,2022/6/27,0,0,0,0,0,0,193,500,707,1122,871,2336,2373,2757,3130,2237,2065,2484,2672,1665,2545,2841,1418,0
725,2022/6/28,0,0,0,0,0,0,2354,1395,305,948,2153,1857,2158,2087,1879,1776,1358,2350,1773,1305,940,1259,1285,0
726,2022/6/29,0,0,0,0,0,0,254,816,481,921,1303,2013,2631,2334,2174,1914,2444,2563,2389,1691,1781,1350,1110,0
727,2022/6/30,0,0,0,0,0,0,386,325,1085,1380,2973,3176,4411,3756,2664,2808,1564,2207,1521,1357,1050,558,1645,0
728,2022/7/1,0,0,0,0,0,0,299,714,962,1068,2368,1808,2117,2599,2374,2710,2731,2592,3049,2202,1078,718,1001,0
729,2022/7/2,0,0,0,0,0,0,418,421,1481,3069,3061,3102,4125,4581,2991,3036,3451,2786,1814,799,478,481,304,0
730,2022/7/3,0,0,0,0,0,0,352,224,767,1363,2721,2726,2987,2503,2603,2038,1937,2148,1424,920,534,996,1419,0
731,2022/7/4,0,0,0,0,0,0,327,868,1368,1328,2521,2693,2774,2150,2489,2041,2180,3001,3340,2614,958,1244,2101,0
732,2022/7/5,0,0,0,0,0,0,385,1170,594,2163,3231,5142,5121,7207,5876,4172,4267,3860,2667,2024,1576,1772,2046,0
733,2022/7/6,0,0,0,0,0,0,805,1528,1501,2133,2665,3074,4078,2848,3840,2064,2111,1687,1560,929,588,467,2897,0
734,2022/7/7,0,0,0,0,0,0,545,1337,2066,2766,3308,3945,4198,2957,3161,4252,4084,3037,2278,1217,877,1000,1551,0
735,2022/7/8,0,0,0,0,0,0,395,1963,489,1000,1503,2250,2518,1946,2580,1667,1682,1716,1130,681,754,1363,1528,0
736,2022/7/9,0,0,0,0,0,0,1070,911,2192,2026,4366,5806,3912,3948,4399,3247,3662,2454,2681,1818,1572,887,1429,0
737,2022/7/10,0,0,0,0,0,0,113,379,956,1161,2424,2586,2086,2226,2293,1529,886,1264,1421,1154,711,1140,1855,0
738,2022/7/11,0,0,0,0,0,0,494,1027,2216,2801,3767,4935,3718,2576,2743,2591,2926,1609,1128,853,946,1500,1747,0
739,2022/7/12,0,0,0,0,0,0,371,1639,1198,1366,1317,2055,1944,1580,2241,2029,1631,1614,1050,863,452,743,2463,0
740,2022/7/13,0,0,0,0,0,0,379,1266,1688,1918,3714,4113,3741,3574,2919,1635,1845,1585,1211,998,1062,996,3105,0
741,2022/7/14,0,0,0,0,0,0,554,1345,1551,3808,4104,6031,7116,5588,4723,3611,3784,3440,2417,3213,2608,1392,835,0
742,2022/7/15,0,0,0,0,0,0,619,2300,2217,1717,2565,4262,3822,3713,3834,3485,3368,3788,2598,1004,1312,1393,1909,0
743,2022/7/16,0,0,0,0,0,0,467,582,1849,1838,1921,1821,2095,1085,1435,1539,1653,2327,2101,1109,746,808,1342,0
744,2022/7/17,0,0,0,0,0,0,370,468,930,1502,1806,1511,1354,1238,1380,1394,1085,817,612,671,513,721,2607,0
745,2022/7/18,0,0,0,0,0,0,735,952,1582,1876,2170,2074,1543,3027,2185,2613,2405,1674,4029,2550,1260,1174,1651,0
746,2022/7/19,0,0,0,0,0,0,353,955,1006,1472,4340,4449,3052,2647,1802,2764,2724,2174,1128,1014,1451,1042,2264,0
747,2022/7/20,0,0,0,0,0,0,804,1378,1760,1984,3403,5092,5487,5258,3283,3001,2958,4430,2663,1023,2009,976,1860,0
748,2022/7/21,0,0,0,0,0,0,441,1378,1274,1854,2641,3678,4004,3189,4375,3273,2566,2232,1712,1482,775,1201,1032,0
749,2022/7/22,0,0,0,0,0,0,977,1659,1009,1613,2625,3011,3458,2847,2646,2744,2418,1386,1622,943,850,1409,1271,0
750,2022/7/23,0,0,0,0,0,0,339,368,1254,1208,3639,2840,1710,1936,1438,935,738,808,1466,667,616,605,1129,0
751,2022/7/24,0,0,0,0,0,0,158,312,506,978,2292,2333,1921,1367,2099,1999,1790,1464,602,466,314,201,1020,0
752,2022/7/25,0,0,0,0,0,0,338,1041,1516,2543,2464,1885,1330,942,913,1684,1975,2798,4317,3470,3792,3871,4695,0
753,2022/7/26,0,0,0,0,0,0,574,971,1483,2161,2037,2073,2294,1680,2555,3373,3051,1531,1209,808,582,409,649,0
754,2022/7/27,0,0,0,0,0,0,836,1092,1000,1379,2128,1978,2215,1355,2682,3613,3934,2859,847,732,661,820,3006,0
755,2022/7/28,0,0,0,0,0,0,545,1130,617,1866,3560,3362,2536,2210,2778,2865,1993,1533,1215,813,506,626,1047,0
756,2022/7/29,0,0,0,0,0,0,1170,1610,605,1555,2530,2937,1565,74,2700,2685,3377,2113,1859,1765,2185,2711,2451,0
757,2022/7/30,0,0,0,0,0,0,437,713,1288,1929,2218,999,1520,2468,2103,2270,2353,2560,1063,448,662,413,802,0
758,2022/7/31,0,0,0,0,0,0,68,94,203,607,1360,2064,2197,819,811,934,1052,1051,992,716,492,744,1232,0
759,2022/8/1,0,0,0,0,0,0,307,719,1956,2614,2173,2473,3387,4387,4767,5212,3805,2737,2366,1809,1792,1966,1548,0
760,2022/8/2,0,0,0,0,0,0,332,764,1394,2706,3622,3555,5185,3989,5010,3808,2936,3520,1433,907,449,1227,1934,0
761,2022/8/3,0,0,0,0,0,0,286,1651,2107,2492,2874,2105,2701,2134,2290,1456,1459,1242,999,747,653,702,1612,0
762,2022/8/4,0,0,0,0,0,0,2763,2102,3893,3188,3457,3187,3291,2525,1906,2399,2341,1827,1610,852,718,535,1947,0
763,2022/8/5,0,0,0,0,0,0,3241,1594,2415,2611,2513,3344,5279,3520,3797,3814,2464,2143,2541,1978,2083,1836,2615,0
764,2022/8/6,0,0,0,0,0,0,515,467,1866,1533,2406,3091,3777,4561,3549,2828,2921,3258,1454,1041,1310,1131,1673,0
765,2022/8/7,0,0,0,0,0,0,173,275,808,851,2135,1536,1575,1335,1872,2139,1273,1387,1741,532,540,1067,1653,0
766,2022/8/8,0,0,0,0,0,0,1034,1553,1754,3729,3771,4117,4487,4873,4864,3860,3460,1712,1039,864,936,1319,1592,0
767,2022/8/9,0,0,0,0,0,0,1488,1732,2109,1887,4403,6032,5436,4622,4328,3972,4796,4016,3216,2065,3372,2228,3394,0
768,2022/8/10,0,0,0,0,0,0,1196,1993,2856,2484,3873,6858,5110,3301,3115,7435,2195,1688,1403,1650,878,721,3754,0
769,2022/8/11,0,0,0,0,0,0,1137,2339,1683,2972,3527,5259,4912,4508,4805,4352,2782,2020,1626,1325,961,616,987,0
770,2022/8/12,0,0,0,0,0,0,1003,2532,2536,2454,1655,2480,2720,2651,2291,2211,1957,2082,954,839,591,1274,1042,0
771,2022/8/13,0,0,0,0,0,0,406,342,1506,1968,1709,1695,2551,2103,1652,2005,1736,1301,1211,850,771,879,1065,0
772,2022/8/14,0,0,0,0,0,0,541,360,729,1361,2160,3175,2587,3957,3134,2238,2539,1497,904,947,1260,817,1493,0
773,2022/8/15,0,0,0,0,0,0,255,1177,2020,2465,2756,2509,3571,2849,2885,2519,2959,1928,1712,1493,1701,1348,397,0
774,2022/8/16,0,0,0,0,0,0,264,569,1327,1565,1821,1676,2486,2436,2175,1633,3001,2513,1275,995,935,587,1254,0
775,2022/8/17,0,0,0,0,0,0,408,802,1469,2356,2195,4842,4569,3713,4689,3217,2712,1970,1409,1528,1217,404,1071,0
776,2022/8/18,0,0,0,0,0,0,742,1014,1202,1306,2001,3251,2299,2846,2922,2513,1745,2165,2426,683,653,951,1090,0
777,2022/8/19,0,0,0,0,0,0,175,643,2306,4319,1934,3640,2125,2769,2640,3821,3070,2774,1349,1685,1678,1102,2786,0
778,2022/8/20,0,0,0,0,0,0,410,965,2036,3054,1405,1777,1008,992,1198,1144,1078,964,908,1900,2084,1979,1939,0
779,2022/8/21,0,0,0,0,0,0,251,1321,2091,1249,3984,2647,2770,2470,2688,4152,3959,3343,1607,1155,942,1151,1880,0
780,2022/8/22,0,0,0,0,0,0,413,1381,1573,2682,3880,3652,4430,3986,4764,4888,5828,4676,3984,2934,2067,2695,1467,0
781,2022/8/23,0,0,0,0,0,0,515,1170,1972,2263,1771,3460,3112,2835,2955,1824,2003,1977,1408,1280,536,2759,3434,0
782,2022/8/24,0,0,0,0,0,0,1474,1508,1793,2375,3839,4225,3379,4145,2954,3324,2557,3734,2444,2208,1040,581,613,0
783,2022/8/25,0,0,0,0,0,0,483,1921,1735,2251,2488,6326,6152,4464,5152,3807,3601,3289,2939,2240,1863,1121,1072,0
784,2022/8/26,0,0,0,0,0,0,349,821,1456,2546,1973,1583,1670,1861,2457,1616,1215,1259,1157,722,637,526,728,0
785,2022/8/27,0,0,0,0,0,0,251,391,891,1418,2234,4353,2527,2834,2204,2807,2085,2067,1966,1210,721,833,1245,0
786,2022/8/28,0,0,0,0,0,0,388,182,710,1200,1479,1639,2626,2044,3109,2620,2481,2285,2010,2666,842,891,407,0
787,2022/8/29,0,0,0,0,0,0,718,818,1608,2196,2615,4424,4338,3378,4254,6198,4521,2513,3442,3247,2868,2612,952,0
788,2022/8/30,0,0,0,0,0,0,1144,1185,836,2288,1801,1838,2116,1823,2106,2414,3023,2801,2583,1670,1799,1559,1436,0
789,2022/8/31,0,0,0,0,0,0,585,1523,2115,2168,2349,3152,2826,4227,2421,1813,2509,1942,2093,2125,1223,2257,427,0
790,2022/9/1,0,0,0,0,0,0,378,1145,1667,1695,3023,2758,2981,1748,2279,2722,2066,1811,1631,1742,756,1005,1063,0
791,2022/9/2,0,0,0,0,0,0,387,1378,1222,2456,2642,3914,4270,3481,3413,3307,3106,2922,1963,920,401,452,1073,0
792,2022/9/3,0,0,0,0,0,0,207,345,691,1688,2917,2833,4798,2787,2067,2252,2182,1622,1136,1060,816,935,1255,0
793,2022/9/4,0,0,0,0,0,0,330,404,521,1044,2082,1821,2119,2196,1703,2308,2934,1993,1566,986,1011,853,1821,0
794,2022/9/5,0,0,0,0,0,0,509,1221,1174,2311,2661,3510,4480,3362,3250,3683,2904,2685,2832,2247,2222,1179,2826,0
795,2022/9/6,0,0,0,0,0,0,1092,850,2641,1620,1627,2448,1699,2168,2563,1251,1490,1467,1277,668,557,803,1236,0
796,2022/9/7,0,0,0,0,0,0,344,941,2020,1501,1802,1933,3663,3432,2848,2559,1939,1681,1221,1113,1254,1304,1224,0
797,2022/9/8,0,0,0,0,0,0,367,1029,1763,3118,2143,2484,2854,4159,3200,2191,2816,3444,2790,1289,1412,1001,1196,0
798,2022/9/9,0,0,0,0,0,0,208,622,1368,2481,4045,3813,4059,4085,4992,4114,3356,3058,2303,1970,2296,1402,1082,0
799,2022/9/10,0,0,0,0,0,0,233,547,1753,3205,3847,2068,1770,1321,1919,2636,1784,2689,1312,787,765,792,995,0
800,2022/9/11,0,0,0,0,0,0,379,76,374,1053,1547,2439,2141,2517,2450,2371,2360,2290,1519,1454,975,1722,1851,0
801,2022/9/12,0,0,0,0,0,0,351,576,1518,2461,2419,3061,3637,3642,3516,3399,3191,2218,2210,1588,2696,2170,2072,0
802,2022/9/13,0,0,0,0,0,0,318,1132,2039,3629,3387,4105,4139,4386,3764,4194,2320,1246,1446,2184,1540,772,592,0
803,2022/9/14,0,0,0,0,0,0,1620,1555,1913,3825,7364,5715,4313,4325,3638,3016,2207,2364,1825,1491,1339,1302,730,0
804,2022/9/15,0,0,0,0,0,0,259,1034,2546,3830,2822,2993,4132,2982,2887,2759,2515,2465,2007,1901,1054,1000,1195,0
805,2022/9/16,0,0,0,0,0,0,377,894,2958,2713,4816,2721,5172,5434,2336,2754,4105,2152,3686,3136,2282,1975,1503,0
806,2022/9/17,0,0,0,0,0,0,2573,2869,1499,1839,3539,1741,2433,2588,2032,2083,1775,1481,938,815,637,1212,1584,0
807,2022/9/18,0,0,0,0,0,0,536,367,1484,1650,1446,2478,2607,2349,3050,2035,1889,1991,2217,976,622,1096,1165,0
808,2022/9/19,0,0,0,0,0,0,557,1266,1693,1769,3020,5037,4649,3806,4238,3544,3696,2677,3601,3975,4415,2884,4017,0
809,2022/9/20,0,0,0,0,0,0,892,2571,3380,4236,4148,4903,4942,5009,4497,2955,3145,2757,3192,2429,1468,2281,1487,0
810,2022/9/21,0,0,0,0,0,0,1144,2552,1829,2056,2053,3627,4638,3241,3359,3491,3866,2248,1702,3072,4057,1929,709,0
811,2022/9/22,0,0,0,0,0,0,493,972,1035,2185,1858,2249,2755,3221,5434,5464,3486,6250,2141,1781,1077,1446,1099,0
812,2022/9/23,0,0,0,0,0,0,288,906,1041,2273,3380,4405,4957,4484,5729,5077,2892,4069,2308,2107,2415,1160,1303,0
813,2022/9/24,0,0,0,0,0,0,166,274,1357,1347,2618,2230,1951,1713,2311,4251,2540,3303,2301,1556,1836,1324,1115,0
814,2022/9/25,0,0,0,0,0,0,295,299,1224,2572,2645,3962,2648,2836,2647,3143,3308,4128,2891,1581,3142,1985,1799,0
815,2022/9/26,0,0,0,0,0,0,266,889,1109,1436,3415,3953,5183,6094,6042,4670,3420,4437,5986,7131,4750,1684,879,0
816,2022/9/27,0,0,0,0,0,0,346,1664,2430,3065,5368,5340,5980,6127,4036,4067,3675,3149,2765,2061,1890,1735,1854,0
817,2022/9/28,0,0,0,0,0,0,539,1432,2107,2130,1894,2577,3863,4009,3313,3875,3016,3257,3691,3336,2280,1812,1352,0
818,2022/9/29,0,0,0,0,0,0,370,1370,1704,1687,2280,3790,4328,3293,2859,2367,3240,3566,3401,3027,2733,1457,1254,0
819,2022/9/30,0,0,0,0,0,0,502,1583,1074,1402,1325,4356,2880,2589,3238,3425,1998,2692,1816,1796,1580,1817,2267,0
820,2022/10/1,0,0,0,0,0,0,605,836,2069,2778,2899,3525,3031,3357,2817,4469,2334,2683,2543,1653,2281,2523,2137,0
821,2022/10/2,0,0,0,0,0,0,76,455,1004,955,1262,2327,3640,4647,3021,2775,1700,1154,761,537,718,1384,2235,0
822,2022/10/3,0,0,0,0,0,0,230,793,1024,1756,2747,4780,4399,3933,4696,5870,5116,3476,1158,1347,1870,2010,1286,0
823,2022/10/4,0,0,0,0,0,0,185,730,1236,1469,2186,2945,4037,2631,3202,2688,4003,3873,2399,2243,2086,1104,1566,0
824,2022/10/5,0,0,0,0,0,0,309,336,748,2053,3843,4658,5634,6156,4368,4625,4298,3385,2444,1741,2566,1559,1077,0
825,2022/10/6,0,0,0,0,0,0,341,845,1153,2722,1168,2392,2829,1985,2053,2155,2664,2339,2861,1495,921,538,915,0
826,2022/10/7,0,0,0,0,0,0,2461,1033,1388,2953,2711,5596,6662,4859,5906,4523,2948,3772,3067,3063,2175,2106,1215,0
827,2022/10/8,0,0,0,0,0,0,141,222,1441,3039,4130,6275,4346,4055,3615,3904,2949,3183,2575,2454,2706,2311,1738,0
828,2022/10/9,0,0,0,0,0,0,205,812,1119,1768,1589,3708,3758,2697,3257,5865,4714,3514,3447,2141,2647,1758,1166,0
829,2022/10/10,0,0,0,0,0,0,286,695,1746,1439,2165,5026,5848,3615,4219,4109,4202,5743,3134,3177,3132,2348,865,0
830,2022/10/11,0,0,0,0,0,0,590,976,1465,2361,3447,5485,6148,4831,3996,6518,3466,3104,3305,2414,2663,1669,1567,0
831,2022/10/12,0,0,0,0,0,0,476,1536,1605,2315,2650,3537,3906,2994,3183,2390,3404,2854,2993,1959,1606,2293,2113,0
832,2022/10/13,0,0,0,0,0,0,586,1080,1084,2783,4791,5599,5635,5521,6204,4081,3571,2676,2174,2505,2077,1983,880,0
833,2022/10/14,0,0,0,0,0,0,206,952,1331,3379,2678,4235,3214,3562,3905,3200,2612,3065,2644,1430,1878,1211,1561,0
834,2022/10/15,0,0,0,0,0,0,322,235,1939,2319,4685,4670,5299,4475,4154,3282,3078,2634,2004,1513,2371,1681,1518,0
835,2022/10/16,0,0,0,0,0,0,258,568,1053,1580,2510,3256,5089,3877,3984,3685,3222,3321,2165,1366,932,1075,1059,0
836,2022/10/17,0,0,0,0,0,0,164,1071,972,1720,4054,4761,5518,7525,6238,5655,3313,4463,2886,2389,2468,1534,1015,0
837,2022/10/18,0,0,0,0,0,0,1006,783,1011,2224,2340,2540,2446,4728,4224,3859,2354,2972,2702,2974,1956,2098,2561,0
838,2022/10/19,0,0,0,0,0,0,2141,1606,1699,2249,2241,3805,3975,3528,4552,3360,2946,2063,2821,3226,2444,1286,1486,0
839,2022/10/20,0,0,0,0,0,0,355,559,1084,2581,1726,2212,2642,2536,2029,2718,2550,3312,2868,2390,2305,2846,2053,0
840,2022/10/21,0,0,0,0,0,0,564,1233,572,940,1170,2639,2407,1896,3013,2770,2555,4365,4159,3031,2548,1304,1166,0
841,2022/10/22,0,0,0,0,0,0,131,120,790,1259,1957,4335,3540,2174,2119,1610,2127,1550,1480,1083,1112,1152,657,0
842,2022/10/23,0,0,0,0,0,0,136,1249,1020,1063,1829,2463,2876,2138,1713,2207,2478,1800,1482,1227,756,1385,1584,0
843,2022/10/24,0,0,0,0,0,0,278,1124,1235,2503,5270,9591,3944,3375,5564,5583,3927,6652,6035,5717,3575,3558,2116,0
844,2022/10/25,0,0,0,0,0,0,368,969,1743,1967,2691,4658,4981,4699,4046,4985,3307,2239,1883,1231,821,479,217,0
845,2022/10/26,0,0,0,0,0,0,219,644,1182,1725,2743,3337,4272,3716,3792,2222,3382,3938,3413,2662,2492,2339,2118,0
846,2022/10/27,0,0,0,0,0,0,3896,1447,1392,1731,1915,3500,3296,3570,3236,2311,1469,525,495,2755,1976,1280,939,0
847,2022/10/28,0,0,0,0,0,0,448,1207,1160,3018,3081,2554,4836,4311,1981,1311,1293,2260,1763,1195,766,777,948,0
848,2022/10/29,0,0,0,0,0,0,180,126,351,766,2641,2635,2566,2578,1648,1788,1150,1799,1350,1495,1710,1167,665,0
849,2022/10/30,0,0,0,0,0,0,784,484,1555,1317,1257,1348,2000,1621,1131,1378,1308,1343,1073,1032,792,1462,878,0
850,2022/10/31,0,0,0,0,0,0,848,846,1979,2001,1859,3689,2903,2369,2564,2152,2246,2125,2258,1367,490,2026,1523,0
851,2022/11/1,0,0,0,0,0,0,593,1380,1568,3456,3432,3304,3223,3813,2955,2883,3322,2134,2633,1725,817,700,1138,0
852,2022/11/2,0,0,0,0,0,0,843,618,1102,2546,1262,2912,4584,3069,2843,2936,3272,2276,2766,2074,1627,1163,964,0
853,2022/11/3,0,0,0,0,0,0,413,890,1619,2364,2271,3519,3940,2815,3177,2477,2010,1713,1947,2125,2629,1091,1473,0
854,2022/11/4,0,0,0,0,0,0,250,1004,2970,2517,3310,4360,2729,3918,3152,1509,1901,1337,1191,973,1015,1042,1090,0
855,2022/11/5,0,0,0,0,0,0,486,1360,3602,1730,4318,2892,3432,2875,2722,2582,1538,1840,1949,1605,737,1274,1104,0
856,2022/11/6,0,0,0,0,0,0,277,397,874,1647,2529,2912,4037,3334,3133,3429,2698,2036,874,642,1002,792,373,0
857,2022/11/7,0,0,0,0,0,0,664,2201,1136,1367,1701,2656,2619,2154,2164,3430,2696,1899,1849,896,1346,1612,579,0
858,2022/11/8,0,0,0,0,0,0,1512,1255,1150,1766,1703,2349,2574,2304,2037,1587,1832,1959,1874,1305,924,794,261,0
859,2022/11/9,0,0,0,0,0,0,439,1292,1579,1660,2436,2613,3709,4566,4382,3082,2156,2921,1847,1843,1405,1354,2256,0
860,2022/11/10,0,0,0,0,0,0,352,2440,2322,3274,2636,3017,3503,3054,2388,3638,2890,3361,3259,2269,2559,1575,1172,0
861,2022/11/11,0,0,0,0,0,0,402,1096,2308,5612,2126,4378,4841,4099,4056,2012,2427,1555,1991,1261,1344,1379,1090,0
862,2022/11/12,0,0,0,0,0,0,278,516,1541,2941,2825,4403,4389,2363,1724,1815,2805,2236,2305,2780,3400,2446,1403,0
863,2022/11/13,0,0,0,0,0,0,1386,1157,1123,1255,3561,3332,2470,2766,1347,2486,2367,2156,1379,1515,961,826,1145,0
864,2022/11/14,0,0,0,0,0,0,195,687,619,1115,1773,2414,4040,3817,6517,3948,3360,3337,2869,2334,1639,1323,1013,0
865,2022/11/15,0,0,0,0,0,0,214,679,868,955,828,1405,2641,1985,1944,2005,2659,2245,2981,2031,1438,1786,2576,0
866,2022/11/16,0,0,0,0,0,0,829,1387,1591,2317,2366,1873,3425,2827,2065,1965,2188,2605,1735,1882,863,481,1628,0
867,2022/11/17,0,0,0,0,0,0,383,1355,1460,808,1714,1726,3105,2737,2704,1878,2312,2711,2927,2549,1490,998,1173,0
868,2022/11/18,0,0,0,0,0,0,345,798,2110,3265,2712,4144,4755,2277,2650,2321,1876,2804,2826,2018,1597,1164,422,0
869,2022/11/19,0,0,0,0,0,0,158,441,1555,2900,3441,3579,4570,3413,3472,3403,3068,3658,1769,1882,2128,1802,1183,0
870,2022/11/20,0,0,0,0,0,0,2137,1168,934,1013,3066,4157,3771,3064,2578,4848,2717,1824,901,1278,1518,1674,1011,0
871,2022/11/21,0,0,0,0,0,0,213,455,1005,1117,1378,3365,3475,3402,3805,4257,3417,3666,3550,1954,1954,1713,1259,0
872,2022/11/22,0,0,0,0,0,0,443,1127,2002,3652,5207,4232,4572,4840,3949,3396,2506,1933,2888,1966,972,900,1125,0
873,2022/11/23,0,0,0,0,0,0,855,810,962,2977,2313,3396,4481,5112,3682,2760,1745,2328,2827,2570,1765,1265,1037,0
874,2022/11/24,0,0,0,0,0,0,325,806,1079,1582,2887,3458,3864,3605,2781,2701,2290,2667,1786,1619,1169,1011,1310,0
875,2022/11/25,0,0,0,0,0,0,1427,1400,1500,2872,3549,4464,4221,3507,5026,3374,2435,2151,2602,1823,1523,1419,545,0
876,2022/11/26,0,0,0,0,0,0,315,453,1674,1768,3013,3563,4587,3132,2629,3529,3932,2328,2436,1490,1924,1421,676,0
877,2022/11/27,0,0,0,0,0,0,119,163,514,1083,2012,2162,2623,2984,3212,4082,4157,2575,2244,2618,2681,2032,1177,0
878,2022/11/28,0,0,0,0,0,0,501,628,770,3688,3102,4435,5035,5078,4509,6485,3670,2810,2052,2271,1797,1774,1468,0
879,2022/11/29,0,0,0,0,0,0,273,646,838,1211,5200,4031,3349,4443,3829,3234,2878,3397,4776,2290,1657,995,510,0
880,2022/11/30,0,0,0,0,0,0,372,836,821,1122,1851,2843,2321,2740,4398,2822,2950,2930,2790,2885,2417,888,522,0
881,2022/12/1,0,0,0,0,0,0,234,728,1290,1698,3853,4821,4305,4651,2735,2980,2533,2361,2328,2764,1049,968,819,0
882,2022/12/2,0,0,0,0,0,0,383,725,1260,2104,2534,4111,3619,2475,1745,2010,1594,2011,1487,1488,806,850,1093,0
883,2022/12/3,0,0,0,0,0,0,428,539,971,2464,3855,3950,2878,4455,4027,4585,4701,4702,3853,2368,1709,1788,1242,0
884,2022/12/4,0,0,0,0,0,0,3262,1165,1568,1953,1762,3029,3894,3826,2901,3300,3188,2456,2498,1842,2313,1932,1200,0
885,2022/12/5,0,0,0,0,0,0,229,553,712,1767,2347,3169,3497,4433,2601,2327,2864,2855,2770,2390,1241,1256,696,0
886,2022/12/6,0,0,0,0,0,0,267,706,800,1244,2565,2517,2924,2787,2999,2980,1648,806,806,1324,1462,921,1400,0
887,2022/12/7,0,0,0,0,0,0,372,799,1332,1370,2800,3027,2950,2701,3247,2647,2858,2447,2341,1560,1215,558,1034,0
888,2022/12/8,0,0,0,0,0,0,354,1071,1832,1947,2312,2863,3360,3302,2383,2286,1822,1937,1713,905,646,708,1401,0
889,2022/12/9,0,0,0,0,0,0,714,905,1501,2918,4127,2671,2521,2012,3106,3727,3456,2461,2295,1336,1559,1390,1011,0
890,2022/12/10,0,0,0,0,0,0,148,515,2173,2143,2057,3035,3284,3321,4245,4781,3529,5181,5105,4037,3280,1465,850,0
891,2022/12/11,0,0,0,0,0,0,128,404,2524,1680,1571,3300,3788,4503,5274,4361,3236,3351,2849,2369,2382,1712,1064,0
892,2022/12/12,0,0,0,0,0,0,464,1066,2172,1421,2523,3305,4155,2838,3118,2941,2450,2439,2127,1495,1148,1329,855,0
893,2022/12/13,0,0,0,0,0,0,201,853,1047,906,1394,1701,2062,1923,2772,2238,2490,1749,2608,3457,1818,1639,933,0
894,2022/12/14,0,0,0,0,0,0,1219,1884,2650,1463,1974,2411,3029,3493,3349,2850,2149,2822,2988,2927,2071,731,818,0
895,2022/12/15,0,0,0,0,0,0,284,984,1585,3074,3439,2843,2987,3519,2384,2421,2502,2042,2380,1558,1336,1283,1482,0
896,2022/12/16,0,0,0,0,0,0,470,864,1400,2538,1467,2337,2502,2953,2964,3031,2312,2144,1915,1293,1159,1395,1927,0
897,2022/12/17,0,0,0,0,0,0,65,227,1183,1685,2700,3154,2949,2873,3937,3163,1939,2055,3229,2430,2609,1453,1133,0
898,2022/12/18,0,0,0,0,0,0,90,324,310,621,1912,1808,1882,2298,3267,3836,4023,3011,1367,1413,942,579,762,0
899,2022/12/19,0,0,0,0,0,0,1446,506,810,1568,3425,2803,3380,3704,2617,2049,2809,2472,2209,2579,1414,941,695,0
900,2022/12/20,0,0,0,0,0,0,306,402,574,1606,2083,2952,2071,2536,1663,1660,1727,3223,2071,1720,1109,1067,1070,0
901,2022/12/21,0,0,0,0,0,0,316,569,588,1536,2632,3580,3940,3220,3776,3171,3437,3490,2969,1800,1541,1421,1250,0
902,2022/12/22,0,0,0,0,0,0,191,431,919,1773,2336,2540,3217,2353,2989,1539,2164,2185,1984,2045,1219,639,990,0
903,2022/12/23,0,0,0,0,0,0,160,647,872,1521,1740,2506,1775,2061,2836,2502,1569,927,1408,1152,687,565,1683,0
904,2022/12/24,0,0,0,0,0,0,82,375,865,1916,3111,3671,4275,4310,3931,2796,3164,2348,3681,2001,1796,578,261,0
905,2022/12/25,0,0,0,0,0,0,923,149,113,124,510,706,1409,1866,1149,2542,2921,1137,1436,1669,2505,1509,535,0
906,2022/12/26,0,0,0,0,0,0,210,1023,1191,1847,2030,2323,2310,2223,3300,4463,3265,2589,2843,3457,3102,1472,1793,0
907,2022/12/27,0,0,0,0,0,0,972,649,408,1357,3384,2819,4955,4127,3755,2985,3266,3520,2055,1484,1558,1002,1562,0
908,2022/12/28,0,0,0,0,0,0,1609,843,3142,3086,1585,1590,3438,4808,3612,3794,3347,3091,3315,3250,1652,1003,559,0
909,2022/12/29,0,0,0,0,0,0,282,1016,1098,1214,1340,2214,3923,3540,3194,4554,3704,3722,4461,4240,4390,6223,2862,0
910,2022/12/30,0,0,0,0,0,0,541,278,311,1617,2454,3000,3250,3231,3357,2459,3099,4068,7612,4805,1847,1279,390,0
911,2022/12/31,0,0,0,0,0,0,84,199,973,2518,2112,3100,2544,2654,2829,2242,1903,3409,2226,1941,1412,2316,1474,0
